word,freq
polo,1583
palet,1524
polera,779
jean,683
pantalon,664
zapatilla,648
cmr,592
nina,589
set,573
camisa,528
flete,514
blusa,507
vestido,488
blue,393
black,356
sandalia,325
sabana,321
print,295
pack,251
nino,237
white,231
bermuda,211
sport,209
vaso,205
bano,204
jgo,198
casual,196
zap,195
short,192
yamp,191
casaca,182
bsc,177
sybilla,173
plato,162
doo,160
adorno,160
poleron,159
toalla,158
combo,156
uhd,148
australia,144
olla,142
con,139
fanta,135
pant,133
mug,133
navi,132
ropa,126
vol,126
hombr,126
basico,125
vajilla,124
mujer,124
setx,120
smar,119
cubierto,119
grey,118
almohada,117
diadora,112
media,111
mesa,110
zapato,106
playa,104
hervidor,104
bola,102
lcd,102
conf,101
mel,99
mica,99
flower,97
plancha,97
prepago,96
lcnavb,96
licuadora,95
â€o,95
negro,94
arrocera,94
tbano,94
pink,93
red,92
bearcliff,91
otro,91
grr,90
polopb,90
copa,88
base,88
juego,87
algodon,87
raya,87
calcetin,86
shor,86
mes,85
calza,84
nav,84
centro,83
urban,82
edt,79
led,79
sweater,78
flor,78
entero,77
sas,76
moda,75
edredon,73
mini,71
dama,71
royal,71
melang,70
vzz,70
green,70
equipo,68
calzado,67
pzas,67
chompa,67
lar,67
color,66
diseno,66
basic,66
deco,66
denim,65
bscpolob,65
qdpo,65
acinox,65
pijama,65
galaxi,63
rop,63
lisa,62
bodi,62
traje,61
lata,61
beig,60
galleta,60
stefano,59
spe,59
baÃ,59
claro,58
Âvil,58
vapor,58
buzo,58
denimlab,57
spiderman,57
lav,57
lcpoluvb,57
nudo,56
sosten,56
fraganc,56
bikini,56
camiseta,55
dep,55
sandali,55
juguet,55
termo,55
homb,54
rojo,54
pelota,54
fantasia,53
smart,53
botin,53
entret,53
cocci,52
lent,52
correa,52
mano,52
rem,52
aqua,52
para,52
umbro,51
sma,51
electr,51
sixpack,51
cartera,50
sintetico,50
fucsia,50
mora,49
boxer,49
lazo,49
fashi,49
las,48
dijean,48
basem,48
edlp,48
cocina,48
cojin,48
qdb,48
cuchillo,48
flore,47
plz,47
packx,47
top,47
gorro,46
niÃ,46
fvebgt,46
gsv,46
tinta,46
cafetera,46
bscpolpsa,45
frase,45
cal,45
verd,44
vizzano,44
colchon,43
pub,43
tabla,43
bowl,43
roja,42
microonda,42
tetera,42
falda,42
jarra,42
blc,42
mossimo,42
light,42
comedor,42
full,41
lts,41
florero,41
edp,41
stripe,41
halter,41
protector,41
frozen,41
mous,41
home,41
cabeza,40
web,40
lcpoluvg,40
nacion,40
notebook,40
luna,40
chi,39
origin,39
conjunto,39
panal,39
alfombra,39
azul,39
lagro,39
alto,38
vidrio,38
bandeja,38
horno,38
solid,38
loosepr,38
chaleco,37
contenedor,37
pcjn,36
sarten,36
super,36
mochila,36
nike,36
cama,36
dark,36
pauh,36
camo,35
qdpa,35
fratta,35
funda,35
silla,35
purpl,35
acacia,34
vario,34
postpago,34
vip,34
mfoto,34
minni,34
mickey,34
natur,34
peru,34
articulo,33
oliv,33
planta,33
men,33
vuelo,33
peto,33
curvo,33
est,33
ref,33
blazer,33
reloj,32
cub,32
magic,32
remot,32
batidora,32
fuent,32
nutella,32
peluch,32
oster,32
audÃ,31
fono,31
ivori,31
med,31
tsw,31
calzon,31
audifono,31
bei,31
classico,31
pro,30
oxford,30
blanco,30
rosa,30
yellow,30
basement,30
bluetooth,30
jdss,30
candelabro,30
tableado,30
exprimidor,29
camel,29
visco,29
orang,29
bvd,29
prime,29
gran,29
box,29
vestir,28
microna,28
sofa,28
encaj,28
juv,28
porta,28
secadora,28
calabag,28
futbol,28
coc,27
produc,27
alisadora,27
bas,27
gray,27
cmc,27
samsun,27
prin,27
hom,27
spirit,27
fri,27
bebe,27
cobertor,27
dot,26
â€,26
turquoi,26
stripib,26
polopolo,26
multi,26
inox,26
acero,26
corbata,26
bluray,26
lcnavg,26
metal,26
roj,25
sandwichera,25
sjeanb,25
happi,25
rack,25
xdgsp,25
multipren,25
ciu,25
cuadro,25
xdg,25
insig,25
paradi,25
sandal,25
consola,24
pcj,24
shsouhuv,24
vrpr,24
juvdama,24
lctbnavg,24
surtido,24
ambienta,24
vela,24
soport,24
postpag,24
azaleia,24
accesorio,23
jea,23
dori,23
tripack,23
webo,23
boli,23
powerbank,23
clark,23
silver,23
cafe,23
gas,23
pza,23
lcpologorr,23
fhd,23
sofia,23
ves,23
lcxzungab,22
lea,22
luce,22
wrg,22
extra,22
gol,22
atrium,22
drink,22
billetera,22
manta,22
campana,22
new,22
mose,22
fit,21
stan,21
linea,21
comb,21
care,21
tostador,21
figura,21
corta,21
palm,21
electrico,21
taza,21
multicolor,21
sand,21
visita,21
grand,21
sybil,21
pop,21
dress,21
tvidrio,20
osito,20
newport,20
tiro,20
tba,20
ver,20
vel,20
next,20
vestidog,20
bscpolpmcb,20
lctbtutug,20
soundbar,20
turquesa,20
modvsn,20
ritzi,20
shortpg,20
granel,20
deterg,20
lavadora,20
bscpolpmcg,20
nin,20
natal,20
darma,20
cuchara,20
frost,20
vestidoasp,20
calzoncillo,20
mic,20
xdbt,20
ecru,20
vestidogsp,20
enteri,19
quilt,19
accuro,19
inglo,19
mint,19
boton,19
fashion,19
pantufla,19
ent,19
cami,19
leg,19
adida,19
impresora,19
jugo,19
celest,19
peach,19
inst,19
blanc,19
colbtar,19
mah,19
armdj,19
labio,19
soni,19
aspiradora,19
bobo,19
corn,19
patch,19
tira,19
cardigan,19
astro,19
ufva,19
largo,19
hdmi,18
multif,18
mocasin,18
deba,18
sico,18
pesada,18
coral,18
eustra,18
neg,18
extractor,18
man,18
marengo,18
tablet,18
wok,17
vidri,17
nextel,17
fla,17
pri,17
seca,17
chip,17
run,17
mul,17
pel,17
dor,17
lic,17
legg,17
sonido,17
acc,17
rib,17
veloc,17
crop,17
etnic,17
bolso,17
cinta,17
piera,17
hand,17
auto,17
imp,17
portaplato,16
gum,16
enva,16
vino,16
fut,16
bombonera,16
microfib,16
cuadr,16
negra,16
lavanda,16
nog,16
basi,16
serv,16
piso,16
optica,16
marco,16
tst,16
bot,16
ray,16
uhdk,16
instit,16
cat,16
agua,16
brasier,16
conj,16
trend,16
tsl,16
basicm,16
multipl,16
ajog,16
starlanc,16
promocio,16
bomba,15
bonarda,15
valm,15
variet,15
dig,15
horizont,15
Ân,15
bufand,15
champagn,15
core,15
club,15
canva,15
grecca,15
envol,15
muÃ,15
charact,15
std,15
bed,15
bomrot,15
long,15
bscchb,15
xpzs,15
braga,15
fant,15
parlant,15
sdenimbt,15
punto,15
col,15
cam,15
micro,15
rose,15
nkcandi,15
princess,15
bscbt,15
parrilla,14
seccion,14
cuadrad,14
enterito,14
madera,14
pzs,14
univ,14
gris,14
jardinera,14
multifuncion,14
escama,14
evolut,14
tous,14
fusion,14
sky,14
flo,14
cnvs,14
rebound,14
prom,14
embellish,14
grill,14
tela,14
blaze,14
navidad,14
lion,14
etq,14
angel,14
negr,14
charcoal,14
lcpol,14
wifi,14
cheeki,14
wove,14
debra,14
ind,13
jogger,13
bodym,13
deportivo,13
pol,13
crema,13
sterl,13
compostur,13
picar,13
liso,13
estilo,13
carro,13
campesi,13
king,13
aio,13
refrigeradora,13
libbey,13
star,12
big,12
lili,12
tibu,12
android,12
gold,12
manual,12
shoe,12
fig,12
fas,12
tab,12
estam,12
duro,12
candi,12
braxton,12
cazadora,12
rock,12
huawei,12
sombrilla,12
cuello,12
embrujg,12
hero,12
cuadrado,12
classic,12
bik,12
foto,12
gri,12
coreo,12
samsu,12
mango,12
movil,12
lila,12
guard,12
viscosa,12
australi,12
ball,12
camfl,12
procesador,12
offshould,12
aviador,12
wash,12
celular,12
traind,12
ojo,12
santa,12
citi,12
burbuja,12
reno,12
pemjo,12
bona,11
indoor,11
oxo,11
libr,11
licuad,11
rev,11
air,11
jegg,11
disco,11
san,11
rect,11
tropic,11
cad,11
leggin,11
bar,11
lab,11
inu,11
fondo,11
opp,11
trusa,11
runni,11
antiad,11
superstar,11
thoma,11
minipri,11
enterizo,11
cer,11
cabl,11
high,11
arbol,11
tshirt,11
elect,11
lcpolu,11
qled,11
stripi,11
velvet,11
muj,11
jeanera,11
nerf,11
rama,11
vaporizador,10
soldi,10
redm,10
multiuso,10
loreal,10
apolo,10
cabello,10
ballerina,10
citrico,10
lcconjunto,10
old,10
salmon,10
entera,10
individu,10
mick,10
deport,10
estrella,10
check,10
especialidad,10
girl,10
terr,10
hoja,10
jersey,10
vestc,10
karaok,10
chuncki,10
pare,10
terno,10
epp,10
redondo,10
metalico,10
tbajo,10
disfrac,10
ensaladera,10
love,10
lexingt,10
impr,10
outdo,10
masc,10
lcbikinig,10
slip,10
axel,10
senora,10
hdr,10
shini,10
skate,10
lace,10
million,10
recco,10
secador,10
chaqueta,10
pportacubierto,10
babero,10
filtro,10
brocha,10
lagoon,10
cobr,10
leoni,10
lanca,10
ipad,10
cantiadher,9
wrangl,9
lavsec,9
shou,9
menaj,9
suhd,9
turq,9
digit,9
hueco,9
hotv,9
estoc,9
max,9
hot,9
fifa,9
conbn,9
ell,9
bajo,9
velocita,9
queso,9
pan,9
cott,9
lanzador,9
tur,9
usb,9
anteojo,9
prt,9
cirata,9
spinner,9
gear,9
bla,9
babi,9
sli,9
dobl,9
digi,9
dled,9
rattan,9
barba,9
kit,9
piqu,9
cmrextractor,9
vari,9
ros,9
bamboo,9
blm,9
soft,9
marino,9
per,9
ctr,9
ramo,9
jgovajilla,9
truza,9
sexi,9
bscpo,9
leaf,9
shoul,9
ladi,9
montecarlo,9
eclip,9
mid,9
easi,9
tulipan,9
art,9
pom,9
steel,9
dato,9
pda,9
aret,9
win,9
bolillo,9
sur,9
algodo,9
pick,9
size,8
bri,8
conten,8
pas,8
daphn,8
jeanc,8
malla,8
elem,8
expo,8
â€eca,8
bosch,8
poli,8
bota,8
cel,8
samsung,8
liviana,8
offic,8
brill,8
rexp,8
outdoor,8
maletin,8
demi,8
disfraz,8
carlo,8
baul,8
whiski,8
clÃ,8
aud,8
coci,8
ino,8
surt,8
cml,8
audio,8
ama,8
fros,8
tenedor,8
oro,8
maleta,8
duravita,8
corb,8
armario,8
planoha,8
elÃ,8
pushup,8
court,8
velocidad,8
buz,8
shg,8
acroc,8
nsw,8
bscb,8
ivo,8
modv,8
gradient,8
timesn,8
dimaga,8
macram,8
paposo,8
chal,8
melout,8
ltbabi,8
burgundi,8
cajon,8
pascu,8
mustard,8
mandala,8
roadster,8
pts,8
ropero,8
aeropost,8
microbeach,8
buzio,8
sifon,8
panti,8
island,8
lino,8
caja,8
jac,8
macker,8
eex,8
ridgewood,8
wirel,8
petrol,8
corazon,8
pouff,8
sab,8
depiladora,8
cervecero,8
bride,8
modelo,8
botella,8
bluem,8
rever,8
tote,7
espesor,7
ufaf,7
rostro,7
zcpack,7
plano,7
vhm,7
ctn,7
colo,7
ess,7
snake,7
dvd,7
cactus,7
acerado,7
lcqh,7
martigu,7
floral,7
fish,7
klm,7
integrado,7
aluminio,7
fruta,7
pane,7
woman,7
goodgoodxpz,7
del,7
philip,7
ddd,7
bald,7
casio,7
manga,7
colador,7
rostr,7
bnt,7
push,7
pure,7
anim,7
strip,7
licua,7
leav,7
hacer,7
train,7
minicompon,7
sil,7
lin,7
vest,7
jpg,7
vasoslong,7
pad,7
skil,7
refr,7
mix,7
quen,7
clasica,7
transp,7
bor,7
berri,7
â€eco,7
front,7
rcfcm,7
frame,7
onda,7
cortaviento,7
alm,7
pluma,7
bomber,7
bacoli,7
fur,7
rpc,7
pacha,7
xns,7
estamp,7
cortina,7
planch,7
vapo,7
recta,7
popper,7
sica,7
footb,7
dorada,7
cut,7
enc,7
cetrio,7
recortador,7
cla,7
trad,7
novio,7
cgli,7
polar,7
faja,7
flannel,7
glta,6
frio,6
lvm,6
kubu,6
pla,6
refrig,6
muje,6
oleo,6
spin,6
tacha,6
origina,6
mph,6
cvapor,6
sofri,6
kid,6
twin,6
oval,6
lctbnav,6
sho,6
boom,6
azucarero,6
setxmcma,6
entr,6
romperxmo,6
rrc,6
vflg,6
micr,6
bold,6
car,6
bambu,6
camara,6
gor,6
alcuza,6
tondo,6
mac,6
arom,6
mexico,6
iron,6
foil,6
clasi,6
pedest,6
estufa,6
dion,6
prim,6
ext,6
min,6
brt,6
trimmer,6
cmrhervidor,6
muneca,6
fvebg,6
lotus,6
googl,6
cinturon,6
aerop,6
antiviru,6
norton,6
pemnk,6
lcpoluv,6
rosado,6
colgar,6
forma,6
canasta,6
bco,6
violet,6
chocol,6
crp,6
blavkt,6
bob,6
blan,6
microfibra,6
ovalada,6
plat,6
fijo,6
nivel,6
foot,6
plomo,6
flamingo,6
isidora,6
espejo,6
blsfs,6
cuff,6
frcab,6
bleach,6
unj,6
tapa,6
jumbo,6
labial,6
laz,6
bit,6
defend,6
wafflera,6
conbb,6
lctbtutu,6
shsouhu,6
espatula,6
coff,6
bord,6
gypsi,6
control,6
choco,6
belg,6
cubrecama,6
ltc,6
komfor,6
delta,6
wpack,6
class,6
tpeagt,6
trop,6
cliniq,6
diseÃ,6
bateria,6
play,6
franki,6
cross,6
almoh,6
bxstanf,6
note,6
mhcvdwmla,6
goteo,6
glitt,6
oliva,6
tapper,6
cha,6
combat,6
hit,6
clean,6
dri,6
esp,6
cierr,6
lct,6
farol,6
cortador,6
queen,5
slim,5
azulino,5
jcolo,5
spring,5
iht,5
ntb,5
munich,5
hig,5
simpl,5
afeitadora,5
vap,5
vaporera,5
bali,5
perla,5
neon,5
klimat,5
inalambrico,5
ensalada,5
tanknep,5
xdgs,5
boya,5
yute,5
lashlusci,5
memori,5
leal,5
americana,5
camison,5
grafitti,5
targus,5
dispensador,5
banco,5
pomp,5
amd,5
tempo,5
greym,5
treckpant,5
refrigerad,5
abierta,5
pati,5
tabl,5
hielera,5
chavelilla,5
basta,5
qdg,5
bos,5
relleno,5
devor,5
watt,5
tap,5
fvrd,5
bivolt,5
rrocera,5
waf,5
sti,5
tipo,5
design,5
fun,5
canist,5
futon,5
colgant,5
chromecast,5
str,5
molek,5
revlon,5
conr,5
lcjockeyb,5
camuflado,5
shaisr,5
knit,5
lcbik,5
tangl,5
banca,5
sole,5
hawaii,5
temporada,5
paco,5
lvb,5
rmica,5
placa,5
aim,5
aquarius,5
india,5
polvo,5
china,5
nat,5
globo,5
mascara,5
mascota,5
liverpool,5
algo,5
abierto,5
granada,5
bdj,5
suplex,5
pill,5
aspir,5
one,5
hawai,5
colecciÃ,5
servilleta,5
kaleidoscop,5
dfg,5
tank,5
minipim,5
cubiertosmadera,5
lavaseca,5
meta,5
sgc,5
divan,5
cau,5
caigua,5
mult,5
belt,5
lcp,5
imaco,5
folia,5
parka,5
ocean,5
morad,5
tbe,5
moleton,5
umb,5
flashm,5
pestaÃ,5
hmicroonda,5
cosm,5
rskslp,5
bata,5
pinguin,5
scolorbt,5
ole,5
cervic,5
comprim,5
stica,5
viscoelÃ,5
rectangular,5
jock,5
faaisr,5
cubiertosx,5
mabe,5
secad,5
rat,5
servir,5
ventil,5
sifÃ,5
ufa,5
lcpolo,5
bkcf,5
lona,5
inglot,5
gla,5
carl,5
robot,5
dream,5
roc,5
rba,5
aspirado,5
circular,5
poni,5
lctbna,5
tran,5
cucharon,5
weblavaseca,5
blut,5
tntp,5
wireless,5
cbobo,5
cuadrada,5
soldier,5
licsarten,5
hueso,5
form,5
tesi,5
opti,5
mariposa,5
geox,5
eau,5
colg,5
mao,5
miami,5
plata,5
vivid,5
mediastripack,5
vainilla,5
caleidoscopio,5
mocha,4
ghz,4
tbf,4
xxl,4
arroz,4
dieg,4
bottom,4
activ,4
zorro,4
pantalÃ,4
cola,4
tobleron,4
switch,4
blast,4
simon,4
tomato,4
hasta,4
tost,4
hue,4
mlp,4
carrito,4
planet,4
cupcack,4
ame,4
kinder,4
good,4
candanc,4
polypropileno,4
runcal,4
deportiva,4
dual,4
conb,4
acqua,4
pul,4
mbair,4
pce,4
tone,4
buka,4
laguna,4
consta,4
cadeneta,4
portavela,4
gaston,4
capri,4
mono,4
jfm,4
logo,4
unitario,4
bam,4
zhol,4
int,4
fras,4
protecalmohada,4
paran,4
roll,4
fait,4
ccj,4
cesar,4
rhep,4
mantel,4
plalcdl,4
ate,4
clc,4
linlisa,4
bvdbla,4
baker,4
organizador,4
quina,4
chico,4
blssg,4
redo,4
jgcub,4
thu,4
dip,4
blsjo,4
pest,4
plai,4
chubbi,4
tarima,4
sha,4
jarron,4
jude,4
shaggi,4
minn,4
batidor,4
cancela,4
ruido,4
brillo,4
sol,4
botonc,4
polispandex,4
inc,4
vic,4
brasilera,4
parch,4
beppo,4
gssdpn,4
hobo,4
que,4
blsgt,4
plateada,4
clau,4
frag,4
flow,4
garza,4
nkpegasus,4
smith,4
cab,4
lecher,4
lechero,4
cpo,4
golda,4
liq,4
racer,4
spqd,4
individualx,4
zip,4
bscc,4
deg,4
jacq,4
pale,4
servi,4
maker,4
ccvlicrado,4
fxla,4
loto,4
balanc,4
coraz,4
ndar,4
stÃ,4
modular,4
bvdx,4
minipr,4
veuvgt,4
caramelo,4
vesn,4
pacx,4
maceta,4
ling,4
carey,4
littl,4
kill,4
shine,4
bdv,4
uad,4
chala,4
nfc,4
day,4
arnon,4
mod,4
inigo,4
gazebo,4
misc,4
sudadera,4
elementdesign,4
ultra,4
ergo,4
fullflow,4
nod,4
semimoda,4
hipo,4
flare,4
duram,4
gin,4
nkprocatr,4
laurel,4
zhlaurel,4
space,4
start,4
race,4
roadst,4
mossi,4
corona,4
zxyjo,4
invert,4
evan,4
fiesta,4
escot,4
mediana,4
cotel,4
inv,4
charcol,4
jamoji,4
mxb,4
morada,4
barricad,4
pbo,4
infantil,4
plumon,4
track,4
ceja,4
comedo,4
manuel,4
pjqdlmcsc,4
vincha,4
celeron,4
lcjockeyg,4
chanel,4
colour,4
dob,4
azu,4
tommi,4
bec,4
tropi,4
cleme,4
blanca,4
solido,4
messag,4
palau,4
pcn,4
organ,4
princ,4
pilar,4
tri,4
presion,4
middl,4
diador,4
evo,4
pzbuzio,4
psc,4
tanga,4
sto,3
bio,3
tar,3
alano,3
wor,3
blister,3
vehiculo,3
pfr,3
bop,3
bopit,3
pisco,3
sour,3
ytxf,3
miscel,3
officejet,3
runca,3
cros,3
espr,3
arreglo,3
jockey,3
stelvio,3
dkni,3
myni,3
piedra,3
rec,3
pimentero,3
oxf,3
trotadora,3
sillon,3
dpr,3
saco,3
leau,3
oneremot,3
gipsi,3
lava,3
part,3
ras,3
coll,3
eucalypt,3
glitter,3
cubiertoparrilla,3
polyw,3
meri,3
conico,3
coji,3
absnv,3
jfavdg,3
duvet,3
cbox,3
cherrera,3
lanz,3
ner,3
cooler,3
bxstanford,3
pesebr,3
colou,3
monterrey,3
spno,3
ffs,3
emoji,3
pin,3
sueter,3
barbi,3
hllv,3
portatil,3
life,3
factori,3
melam,3
jacquar,3
humita,3
panv,3
ple,3
ped,3
xpression,3
danc,3
tintapapel,3
lavad,3
rodri,3
cuell,3
desarro,3
ranurad,3
semip,3
ridgewo,3
strapl,3
ptas,3
lon,3
arm,3
gbtb,3
biocera,3
toma,3
amarillo,3
donna,3
flat,3
vicki,3
jib,3
skdi,3
ooshi,3
leopard,3
grafiti,3
lite,3
ard,3
lunar,3
trazo,3
multiproc,3
bomcamo,3
guitar,3
pil,3
camaboweri,3
sdmigb,3
leonisa,3
tradicio,3
ralph,3
corto,3
qun,3
bombacho,3
lentejuela,3
alg,3
pca,3
hoodi,3
pomo,3
advanc,3
serum,3
quick,3
sht,3
antica,3
coce,3
freidora,3
turbo,3
nop,3
wketpb,3
tim,3
music,3
hibiza,3
militar,3
codf,3
carti,3
diad,3
punta,3
nube,3
pantalonsport,3
lip,3
acri,3
par,3
hsbla,3
liz,3
speciali,3
vera,3
moro,3
hebr,3
element,3
epson,3
proyecto,3
spf,3
tpoakt,3
cruzada,3
vecyy,3
abrigo,3
purp,3
toallplaya,3
pantalonjeanba,3
apliq,3
lcnav,3
chel,3
vue,3
chompar,3
mostaci,3
bomflow,3
joven,3
ace,3
cie,3
pieza,3
friobar,3
postiza,3
bloquead,3
konga,3
turbant,3
spi,3
stefa,3
neuima,3
trenz,3
digita,3
ibiza,3
citri,3
brazalet,3
maria,3
picatodo,3
promo,3
maripo,3
cara,3
dorr,3
vehicu,3
pelador,3
nutcrack,3
tull,3
bici,3
allegra,3
tacero,3
sportedt,3
backba,3
everyday,3
hurrican,3
capucha,3
maq,3
tespejo,3
florenc,3
leo,3
refin,3
desir,3
nkrabbit,3
borda,3
ventilador,3
cap,3
laptop,3
tsns,3
medusa,3
plantilla,3
huevo,3
boz,3
drop,3
guant,3
lilac,3
far,3
unit,3
dqd,3
peplum,3
lis,3
lego,3
fra,3
cetri,3
tousedtmuj,3
later,3
vesnk,3
pet,3
usuario,3
tubo,3
shirt,3
tbi,3
corrector,3
fresh,3
summer,3
liqv,3
aper,3
tee,3
pecera,3
moch,3
bra,3
skr,3
lur,3
bic,3
sint,3
gorra,3
camino,3
hydrazen,3
hugo,3
ojalil,3
plum,3
england,3
pie,3
mab,3
amarylili,3
sieg,3
webmaquina,3
ice,3
pistachio,3
omen,3
lex,3
tinto,3
malva,3
marron,3
calzoncil,3
rsg,3
flujo,3
tetina,3
flora,3
comp,3
tesp,3
dar,3
bab,3
entretenimiento,3
siberia,3
landedp,3
moc,3
bluto,3
gdual,3
sim,3
repollo,3
papel,3
hvs,3
deportiv,3
basip,3
mis,3
tren,3
polv,3
caballero,3
vid,3
alh,3
cerÃ,3
cubier,3
ulric,3
pbh,3
wall,3
seoul,3
aro,3
cuna,3
lado,3
tveagt,3
rey,3
minido,3
tijera,3
melamin,3
frigobar,3
teal,3
frasco,3
secaplato,3
crepier,3
fasn,3
chalov,3
fire,3
find,3
turqu,3
vale,3
arenaedt,3
uefa,3
ltbpp,3
karl,3
soli,3
licuadplancar,3
melan,3
qdp,3
challen,3
leather,3
blus,3
ancha,3
powershot,3
spider,3
tallado,3
lenovo,3
credondo,3
poaird,3
cuidad,3
capucicaf,3
prenda,3
bscj,3
emp,3
lexar,3
appl,3
pinza,3
cubeta,3
mouflon,3
ant,2
sartÃ,2
cherlo,2
juc,2
posa,2
vinta,2
fotoci,2
bosqu,2
clairem,2
englan,2
zapat,2
calvin,2
soap,2
ador,2
temporalizador,2
sala,2
hombro,2
flux,2
hongo,2
isla,2
plan,2
post,2
tater,2
tub,2
polaroid,2
isa,2
singl,2
tomatodo,2
inalambrica,2
parricamphorn,2
itau,2
hudson,2
springarm,2
sello,2
handl,2
scissor,2
lisboa,2
pleg,2
petra,2
estampad,2
toallero,2
keyst,2
tan,2
champ,2
gra,2
premium,2
mikono,2
studio,2
licuador,2
atwoo,2
jabon,2
posava,2
slipper,2
toy,2
ctil,2
panel,2
terra,2
elanc,2
scara,2
buddha,2
baron,2
ami,2
espec,2
louvr,2
microf,2
puff,2
cool,2
camp,2
nkqueen,2
clfd,2
ctul,2
sos,2
plu,2
correpasillo,2
tex,2
carter,2
candeladro,2
evil,2
latam,2
cho,2
neopreno,2
cubo,2
santiago,2
starter,2
enca,2
inx,2
termica,2
clip,2
crc,2
elementd,2
cruz,2
tracerock,2
smlc,2
garrafa,2
ttcascv,2
calcetinescjj,2
sic,2
oil,2
congeladora,2
libero,2
exblan,2
ofv,2
plajaro,2
isu,2
tbcv,2
postr,2
laceador,2
sensat,2
salero,2
redonda,2
profes,2
dis,2
dww,2
niev,2
peluchemun,2
tbs,2
basin,2
prima,2
bmcmr,2
ser,2
nktrex,2
deshumedecedor,2
audif,2
nsl,2
nklio,2
lor,2
blu,2
reproductor,2
pirat,2
keaton,2
water,2
callop,2
shore,2
trai,2
xpzas,2
miranda,2
twist,2
mang,2
paquet,2
lmu,2
jeg,2
antic,2
colector,2
delia,2
extr,2
semi,2
suprem,2
dora,2
fusio,2
fionn,2
balanza,2
tir,2
decora,2
marin,2
casac,2
jenga,2
zipper,2
por,2
cerv,2
adiea,2
gama,2
cboton,2
electrica,2
perro,2
ander,2
fan,2
chema,2
recoj,2
vagon,2
fase,2
capuccino,2
cuchil,2
setxpz,2
bat,2
iphon,2
deshidratador,2
cooper,2
met,2
ava,2
vesti,2
atom,2
formal,2
stone,2
brassier,2
vpeasu,2
silond,2
gpx,2
masa,2
playdoh,2
cucha,2
wom,2
godi,2
gbmp,2
octa,2
webcel,2
esc,2
tango,2
martillad,2
fcvc,2
neo,2
gaga,2
ele,2
carusel,2
sistema,2
espiralador,2
tbxf,2
cbase,2
made,2
acaci,2
bill,2
ltb,2
rectangu,2
contact,2
fis,2
lancom,2
licorera,2
pot,2
tsnw,2
grazi,2
setxposavaso,2
cpu,2
text,2
premilla,2
spiderma,2
trix,2
lveb,2
cms,2
lima,2
recycl,2
moto,2
curri,2
norman,2
pequeÃ,2
tenni,2
leli,2
torta,2
rlblsd,2
arcoiri,2
ovalado,2
pyrex,2
cartoo,2
oak,2
spoo,2
stroller,2
plumasmicr,2
canguro,2
waist,2
cslin,2
toallita,2
ffcab,2
derecho,2
nkladybug,2
vinchamdr,2
wcuc,2
givenc,2
lss,2
contour,2
lift,2
abert,2
curl,2
arian,2
binger,2
chris,2
heart,2
cljog,2
webnairobi,2
anvil,2
sombr,2
cadera,2
eve,2
tac,2
protectcolchon,2
caa,2
inflabl,2
accesor,2
princip,2
wvc,2
blvl,2
panini,2
whiteteaedt,2
hel,2
seduct,2
jgxpzcubr,2
nico,2
cuerda,2
cosmi,2
bvdtank,2
tra,2
ponci,2
chino,2
essenti,2
rminw,2
cuzzo,2
opt,2
piqueo,2
mate,2
terracota,2
estuc,2
enfriador,2
nkmono,2
lcpo,2
breccan,2
iva,2
brayd,2
cae,2
microo,2
destroy,2
portacubierto,2
inalambri,2
thp,2
pis,2
aug,2
guan,2
timer,2
flash,2
boss,2
overh,2
kitson,2
zenphon,2
vidr,2
disp,2
verykool,2
texta,2
avian,2
cuc,2
manobaÃ,2
troll,2
david,2
turver,2
rectangul,2
nkbone,2
cafeteralt,2
bktn,2
speedlu,2
hood,2
reclin,2
primer,2
calcuta,2
cera,2
prolin,2
almoha,2
cabal,2
puerta,2
correct,2
jacobo,2
whit,2
sinteti,2
limpiador,2
vin,2
coba,2
tealight,2
cero,2
gap,2
premiumu,2
hipoal,2
gira,2
transpa,2
plane,2
sensual,2
alcatel,2
nintendo,2
poloeron,2
toh,2
vot,2
broderi,2
nylon,2
cafet,2
ltsandwich,2
jeansmoda,2
open,2
loung,2
canillera,2
mbl,2
nutcruck,2
depor,2
bag,2
round,2
patin,2
plamarillo,2
skin,2
coreiu,2
outdoo,2
delga,2
ruffl,2
vbas,2
messi,2
cotton,2
webaudifono,2
lcdcq,2
mond,2
caroli,2
rom,2
energi,2
drifter,2
zapatillakd,2
recipi,2
flip,2
inf,2
whirlp,2
tel,2
varsiti,2
delojo,2
cenamel,2
woven,2
rombo,2
utensilio,2
gel,2
embel,2
matthew,2
cologn,2
cas,2
delici,2
loosep,2
free,2
dwe,2
suero,2
brown,2
berger,2
rosen,2
refocus,2
bilma,2
facial,2
linear,2
ceram,2
julio,2
christ,2
delineador,2
trmod,2
medus,2
dinosaurio,2
bkbv,2
tcont,2
maquillaj,2
unicor,2
titaneo,2
antena,2
bmf,2
comkubu,2
protectorp,2
belmondo,2
snapdrag,2
martin,2
luxi,2
cor,2
cin,2
nine,2
ferd,2
nkbutterf,2
whj,2
prensa,2
bundl,2
secur,2
sensor,2
tda,2
bluetootht,2
titanium,2
prot,2
martil,2
specia,2
cuarzo,2
twill,2
wilsd,2
larg,2
titan,2
msg,2
rodney,2
nkdino,2
choker,2
fragancia,2
webcama,2
gre,2
sprin,2
cacerola,2
casa,2
coss,2
musta,2
roma,2
trd,2
cargadsopor,2
carrocab,2
fjfs,2
longwea,2
ventus,2
accessori,2
ppiqu,2
sed,2
capsul,2
doctor,2
doh,2
role,2
croma,2
maquina,2
parl,2
choppot,2
french,2
zxi,2
biovac,2
falcon,2
mal,2
linux,2
promocion,2
lctbtut,2
cartucho,2
menta,2
jgocomedor,2
asa,2
pon,2
lcjoc,2
adi,2
dynam,2
kimono,2
elef,2
weboff,2
feleti,2
nece,2
comer,2
cromada,2
port,2
pij,2
bxrib,2
inten,2
pred,2
pima,2
chrom,2
frutero,2
silvestr,2
tosta,2
wtpw,2
nkbee,2
decorativo,2
ensa,2
cyclo,2
mega,2
krun,2
spray,2
microon,2
nkpumpkin,2
face,2
romeo,2
giorgi,2
book,2
mochmousaudif,2
arrow,2
yogurtera,2
oscuro,2
gssppn,2
entreten,2
nuevo,2
muvo,2
texto,2
ccab,2
jum,2
mensock,2
sweet,2
rubor,2
reg,2
orqui,2
marcus,2
sopa,2
pioni,2
planti,2
splato,2
mesh,2
jogni,2
temp,2
blax,2
bli,2
depilad,2
rheb,2
oupd,2
ultim,2
nappi,2
wpaniniss,2
ytf,2
dega,2
wket,2
credond,2
galax,2
jam,2
opera,2
souza,2
vare,2
licuadarropla,2
prof,2
bol,2
estinv,2
cubrec,2
juegox,2
malibu,2
aveng,2
planitap,2
rainbow,2
caff,2
monedero,2
curva,2
librero,2
sawyer,2
jun,2
talla,2
taco,2
whale,2
balcnt,2
basia,2
varsi,2
marker,2
duend,2
torr,2
octv,2
agusto,2
babytear,2
cast,2
die,2
motormax,2
superf,2
cabjp,2
vaniti,2
dia,2
hervidora,2
enamel,2
biker,2
caman,2
sea,2
elph,2
camarapow,2
ozono,2
wdla,2
cerrado,2
rancey,2
gentl,2
onl,2
battleship,2
stay,2
servil,2
phppa,2
greyso,2
corr,2
rise,2
greta,2
modu,2
estuch,2
edr,2
agel,2
baila,2
pianito,2
bal,2
mfq,2
eleganviav,2
kaliman,2
sangria,2
oucentro,2
medidora,2
selfi,2
sob,2
sonaja,2
nktut,2
babydol,2
picnic,2
crossfit,2
amerventu,2
boyfri,2
pencil,2
beb,2
bordado,2
lightn,2
tie,2
hor,2
alexi,2
panera,1
libecco,1
felipa,1
therapi,1
stanz,1
recto,1
virtual,1
camv,1
freezer,1
gbev,1
wpa,1
mark,1
dispen,1
prend,1
orejita,1
chocker,1
swu,1
bijoux,1
cop,1
electro,1
yuzu,1
cindi,1
pari,1
cerdena,1
tcvc,1
instan,1
christi,1
fblossomml,1
felpa,1
pac,1
leon,1
adxc,1
tvcurv,1
ingreso,1
pio,1
wire,1
stdo,1
lethal,1
polyest,1
spee,1
rhe,1
escah,1
lustraaspiradora,1
bianconeri,1
centkubu,1
tiza,1
coven,1
funciÃ,1
silv,1
azelia,1
concentr,1
edc,1
edtml,1
lanza,1
damn,1
time,1
sonia,1
hervinsgour,1
apili,1
bast,1
charger,1
remo,1
undream,1
essentia,1
mascaril,1
craqu,1
mostrador,1
tomasp,1
mat,1
evelyn,1
gem,1
fand,1
nkhotdog,1
glo,1
mil,1
mtdpt,1
treadmil,1
subvr,1
elfo,1
clmlt,1
pcl,1
webladi,1
colcromo,1
workout,1
live,1
acon,1
beppach,1
webair,1
engl,1
within,1
massha,1
ipiap,1
mbrow,1
bordad,1
bull,1
llavero,1
lustraasp,1
purifi,1
rule,1
scorpion,1
padua,1
call,1
suppli,1
cordillera,1
impermea,1
depo,1
cremero,1
roulett,1
fill,1
pore,1
fulp,1
women,1
amarr,1
costado,1
bioceram,1
nkgre,1
rome,1
adel,1
pulsera,1
lucki,1
faro,1
din,1
pcz,1
clas,1
basenstyq,1
proven,1
limon,1
line,1
smooth,1
sac,1
xbsquar,1
avenu,1
tha,1
byh,1
sec,1
profe,1
vinchamdrzx,1
estskr,1
rockplay,1
deniss,1
dorm,1
lara,1
optic,1
ponchera,1
ciudad,1
rio,1
cihq,1
fald,1
ligh,1
gbg,1
glte,1
webtb,1
latt,1
jandri,1
connect,1
four,1
cherri,1
flex,1
flexfit,1
fount,1
musc,1
bttd,1
tonicml,1
pey,1
imper,1
ctapa,1
ptorta,1
tot,1
gorri,1
leblon,1
rush,1
escurridor,1
theresa,1
acceso,1
juanito,1
imac,1
spa,1
cuha,1
hzd,1
posavaso,1
perf,1
rapiducha,1
bandol,1
camisera,1
lcbod,1
need,1
pine,1
pur,1
step,1
ven,1
avi,1
spaz,1
directi,1
ann,1
pck,1
colga,1
kim,1
des,1
sem,1
agapanthus,1
coro,1
cortapel,1
bxvisioneg,1
banqueta,1
stockh,1
kamran,1
parant,1
terma,1
pax,1
cuero,1
mvl,1
rxcblack,1
courtvantag,1
crazi,1
tucurui,1
salida,1
exp,1
marv,1
afeitadorano,1
switc,1
vab,1
monac,1
tre,1
elizabeth,1
manuela,1
azucena,1
locion,1
nutrit,1
gerd,1
pitillo,1
suh,1
doub,1
academi,1
elix,1
lilo,1
gbevn,1
braz,1
der,1
male,1
blac,1
ink,1
etnica,1
abarca,1
jeidi,1
platinium,1
beat,1
hyde,1
carla,1
mademoi,1
candeelabro,1
planita,1
blaison,1
poler,1
bryce,1
offsh,1
bamb,1
pez,1
zuma,1
dobbi,1
midi,1
jsm,1
calenda,1
adipur,1
cruzad,1
anchor,1
hydrang,1
rcab,1
best,1
patrick,1
basal,1
colossus,1
wolfenstein,1
feria,1
webcentro,1
resid,1
pasp,1
micelar,1
haiti,1
blk,1
multifun,1
animalito,1
canc,1
rui,1
ppost,1
batm,1
casita,1
passport,1
nec,1
convert,1
rosali,1
beira,1
decorado,1
bana,1
bub,1
agar,1
mas,1
lild,1
ficha,1
pashmina,1
lipstick,1
mmhe,1
falco,1
cava,1
conver,1
letrero,1
divisio,1
brz,1
wesley,1
entel,1
prep,1
manhat,1
frtv,1
kgs,1
mosaico,1
cachorri,1
hallow,1
rick,1
weblevel,1
plalpr,1
avianogri,1
osc,1
stuckl,1
ensalad,1
minid,1
estand,1
webcalculadora,1
ecotank,1
sentada,1
greya,1
whbss,1
herb,1
jeanscasaca,1
stu,1
hora,1
skylin,1
kamryn,1
pullov,1
synt,1
whi,1
aereador,1
rabbit,1
area,1
entren,1
capro,1
webmoto,1
milano,1
tejido,1
lobi,1
adcm,1
nkrideun,1
val,1
optico,1
webbateria,1
lechera,1
tide,1
apuesta,1
ghzgb,1
colbicolorxsobr,1
global,1
piel,1
kiel,1
scoot,1
scooter,1
webcuna,1
luc,1
ablemish,1
hol,1
ftbla,1
cerrada,1
dentist,1
minion,1
hobostudrk,1
inear,1
miscelaneo,1
jon,1
wketsw,1
rallador,1
webaspiradora,1
flippi,1
ferm,1
cuisinar,1
phvelaindm,1
lazzo,1
rmdb,1
glam,1
quadra,1
cow,1
sunflow,1
waflera,1
webguitarra,1
silicona,1
colsav,1
pelo,1
transpar,1
armdotro,1
limpiez,1
prl,1
maestr,1
dualsho,1
true,1
papa,1
webconsola,1
arena,1
playset,1
adoni,1
avoc,1
agatha,1
webbag,1
teca,1
nep,1
cocedor,1
huev,1
plus,1
graphic,1
lilium,1
rad,1
trefoil,1
ccajonbandeja,1
jfdpavooj,1
tenaza,1
special,1
egg,1
sauvag,1
lcna,1
waffl,1
jan,1
spoon,1
webcybershot,1
zoom,1
speed,1
unicorn,1
apil,1
jstar,1
duramo,1
mad,1
tallad,1
bati,1
pinch,1
anastasia,1
categori,1
carolina,1
goodgirl,1
herrera,1
bright,1
alpaca,1
ainx,1
licu,1
maninten,1
feder,1
pictur,1
yoga,1
acq,1
digio,1
titer,1
collar,1
bambooedt,1
tea,1
camello,1
estr,1
paleta,1
tor,1
microfm,1
webheadphon,1
sta,1
blkcap,1
minim,1
pvar,1
webcafetera,1
korinaq,1
watr,1
whitewsh,1
subli,1
disn,1
indivdu,1
nic,1
teev,1
decorat,1
elevat,1
hidra,1
total,1
hkfb,1
carrusel,1
reco,1
flai,1
microond,1
vvd,1
bell,1
epo,1
tapet,1
maletera,1
pitil,1
drift,1
pour,1
flc,1
pole,1
estampa,1
cfm,1
contfw,1
shif,1
elipticakljg,1
navyedt,1
baston,1
paseador,1
mode,1
kenzo,1
anr,1
oilmask,1
marvel,1
winner,1
pleduardo,1
cupon,1
dublin,1
rico,1
doubl,1
fotox,1
utilitari,1
cru,1
aprendiza,1
neb,1
urb,1
dft,1
spill,1
janik,1
computo,1
illinoi,1
porcionador,1
bls,1
diam,1
predml,1
chaiseloung,1
weststraight,1
negg,1
perlita,1
cuf,1
signat,1
bodysp,1
pblue,1
gone,1
tshdps,1
liberti,1
aplica,1
devo,1
moscu,1
bxtevoluu,1
bro,1
dualbro,1
estrel,1
dlfnes,1
modula,1
monopoli,1
nklion,1
briska,1
dune,1
slot,1
encanto,1
tvidriosarten,1
gorka,1
korina,1
bdps,1
fluidcloud,1
cuerd,1
stree,1
resina,1
boyfrieend,1
polywash,1
alma,1
futbo,1
webtv,1
skill,1
ski,1
pinki,1
better,1
somb,1
colb,1
rombob,1
daguva,1
dormitorio,1
cba,1
hindu,1
zskoal,1
compac,1
portab,1
webnb,1
demaq,1
ojoslab,1
grip,1
way,1
dokker,1
shlbk,1
period,1
pasto,1
adria,1
caf,1
perfumad,1
goldemledpn,1
mli,1
dorado,1
toembrkl,1
anglet,1
golem,1
europea,1
pista,1
postiz,1
â€™,1
amix,1
hydrangea,1
broken,1
jdsk,1
eden,1
pavilion,1
melamina,1
chaiselong,1
pintad,1
stapa,1
watermelon,1
basict,1
perchero,1
bpk,1
ribbon,1
infusor,1
salsero,1
stri,1
santam,1
bubbl,1
circl,1
mama,1
shinni,1
sortija,1
variabl,1
monstru,1
fashionumberblack,1
speak,1
guirnalda,1
america,1
castello,1
clasico,1
risk,1
nanopo,1
eye,1
vission,1
natu,1
bmngn,1
fazio,1
facefin,1
teddi,1
western,1
cosenza,1
crayon,1
bombon,1
prensador,1
girasol,1
pretto,1
venim,1
cpr,1
boardshort,1
geo,1
poltrona,1
seri,1
ivob,1
icona,1
kettleblel,1
aci,1
nuev,1
tostadora,1
noch,1
cazad,1
marchel,1
bge,1
camisetactn,1
thor,1
preba,1
rojgr,1
hotvblu,1
moment,1
schooli,1
wheelin,1
oreja,1
ave,1
kiwi,1
camd,1
ensala,1
stackclo,1
complemento,1
pantal,1
ceramica,1
gcstsp,1
jarri,1
lctbn,1
paisl,1
nkchi,1
vello,1
knack,1
microsd,1
sandisk,1
toilet,1
fishh,1
choc,1
abe,1
tal,1
duett,1
luton,1
cri,1
longoria,1
jet,1
lsh,1
fin,1
navya,1
cac,1
moli,1
cuÃ,1
targu,1
marmol,1
lina,1
newba,1
multiolla,1
blackblu,1
vidal,1
multigimnacio,1
korinap,1
decorativ,1
tbdv,1
liplin,1
garaj,1
pastaio,1
spatul,1
sust,1
cre,1
suert,1
supest,1
biv,1
nemeziz,1
francesa,1
zxyjc,1
fal,1
ashbi,1
energiz,1
vecki,1
camina,1
paso,1
webarn,1
satin,1
vandor,1
pantalla,1
willow,1
pajarito,1
wanna,1
ducha,1
wurd,1
buff,1
sacacorcho,1
seam,1
gratin,1
shiva,1
sharpen,1
resili,1
webset,1
draco,1
vae,1
ballet,1
dormil,1
joep,1
battleb,1
arp,1
cereza,1
pizza,1
multidot,1
neona,1
wtp,1
pit,1
sorpresa,1
yokai,1
blutooth,1
tilt,1
mont,1
itzel,1
pai,1
chupon,1
canada,1
zapatillo,1
ruch,1
silicon,1
romant,1
bone,1
rene,1
mhcecl,1
halt,1
mojito,1
mandolina,1
fru,1
camion,1
trnsfrmc,1
instax,1
pelicula,1
trenza,1
cuern,1
antoni,1
cazador,1
minihear,1
gibson,1
versa,1
chu,1
techprint,1
larga,1
may,1
siti,1
chocola,1
sombra,1
bkbvt,1
mash,1
ampollasanr,1
aspirador,1
alta,1
inalÃ,1
mbri,1
yell,1
anku,1
brassccontorn,1
vizza,1
magneticedt,1
conrg,1
kdlw,1
aero,1
firm,1
espiralizador,1
cro,1
cmrjbl,1
portb,1
wrl,1
pqueso,1
rufo,1
emsh,1
ojal,1
bleu,1
resort,1
animada,1
estudio,1
fsensat,1
nayda,1
cortapelo,1
metali,1
arden,1
triangu,1
estm,1
bluetoo,1
speaker,1
blo,1
first,1
electri,1
picador,1
strai,1
blanda,1
webmaleta,1
keller,1
edv,1
dkm,1
conservador,1
rodillo,1
piÃ,1
hypno,1
malsdgb,1
tdcef,1
bay,1
arroc,1
femm,1
joyero,1
selma,1
guesstur,1
ferrar,1
tecladom,1
turqueza,1
haul,1
turati,1
nksheep,1
paisa,1
elec,1
blak,1
termico,1
costa,1
ozonoltn,1
tejida,1
drycar,1
balm,1
gasp,1
pip,1
hst,1
doll,1
arf,1
handycam,1
video,1
halo,1
cirap,1
majestad,1
side,1
backpack,1
planeta,1
boyfrien,1
liqvtraj,1
show,1
cajonbandeja,1
blass,1
clfadt,1
cord,1
convenc,1
monark,1
vaca,1
cshsm,1
zsbag,1
esquinero,1
wesl,1
mati,1
playcambiador,1
webcomoda,1
ken,1
minil,1
broder,1
webgalaxi,1
websand,1
dormir,1
sleevel,1
wladi,1
bouncer,1
tentazion,1
ana,1
zink,1
bruno,1
pal,1
strobeofgen,1
zebra,1
tul,1
espalda,1
jequitiba,1
ridgerid,1
anillo,1
chalecotrain,1
deshojador,1
beehiv,1
baler,1
baleta,1
ptab,1
berlin,1
lap,1
malet,1
lonchera,1
tupper,1
marinett,1
bear,1
bunn,1
aron,1
wood,1
maletaoutback,1
bangui,1
drill,1
maybel,1
april,1
rcmn,1
ltgssxslg,1
runc,1
linen,1
balloon,1
dewi,1
spiderm,1
tigr,1
mer,1
hpdjia,1
cutea,1
rabb,1
vanedpbl,1
whv,1
estch,1
prv,1
lggn,1
zakir,1
yme,1
labi,1
flann,1
fraz,1
euroso,1
corei,1
gtbgb,1
intel,1
gym,1
indigo,1
trace,1
encimera,1
victori,1
import,1
morpher,1
movi,1
zuchin,1
azur,1
glas,1
fxex,1
lax,1
viol,1
oso,1
buzchil,1
foco,1
mcero,1
bella,1
gala,1
luca,1
madvid,1
guerrero,1
comerescritorio,1
pineappl,1
tsbus,1
radio,1
pragu,1
gina,1
battlef,1
sapphi,1
keita,1
aparador,1
tallada,1
camarapowershot,1
mwo,1
plate,1
nena,1
pinkl,1
glaze,1
morado,1
coolstyl,1
columpio,1
tubai,1
bolo,1
dpww,1
sanjo,1
bxvillela,1
war,1
obssho,1
jgosala,1
plom,1
desh,1
vestid,1
isiqu,1
licudora,1
lcjock,1
higi,1
brazo,1
maxisistema,1
mayra,1
klismo,1
jgpzvajc,1
cruzado,1
bonao,1
marti,1
sakura,1
fibra,1
siliconada,1
ult,1
swive,1
pila,1
trineo,1
instantanea,1
pic,1
boxgraphict,1
actibi,1
fashionaauwenrcognac,1
pelg,1
excess,1
paul,1
secadoradepila,1
cruzeta,1
ion,1
webcalculadoraestand,1
adw,1
wajlv,1
faldon,1
spww,1
washout,1
compt,1
linda,1
pendient,1
noa,1
plzamarillo,1
grillar,1
rejilla,1
quirosalud,1
cameron,1
elio,1
cinoxidab,1
jarro,1
pgalleta,1
tirita,1
baxter,1
artisan,1
webteclado,1
rayon,1
comic,1
marr,1
ton,1
two,1
vaj,1
rot,1
wafludw,1
multpro,1
terrazakokoli,1
desca,1
nktutucat,1
estlexta,1
motorola,1
ldf,1
castano,1
vigo,1
spea,1
webwir,1
laurelp,1
pajaro,1
lrtn,1
italia,1
curvin,1
presio,1
httctc,1
teclado,1
wir,1
ablemi,1
espum,1
delux,1
generat,1
trf,1
mcap,1
trailgrip,1
bedelici,1
crystallizedappleml,1
amarilla,1
julia,1
envolv,1
negroincluy,1
tulip,1
ltw,1
bonita,1
jeanba,1
gipiur,1
leagi,1
diavolo,1
matt,1
xeno,1
escalera,1
esta,1
lurex,1
glide,1
joyco,1
lgs,1
loo,1
vesf,1
nkridedin,1
keyboard,1
nkcatrina,1
hammer,1
beri,1
chica,1
sndiego,1
rrcc,1
gloss,1
heroin,1
peli,1
rlc,1
graba,1
lira,1
billyc,1
marinero,1
los,1
retromattel,1
martha,1
stud,1
oporto,1
chequera,1
frusia,1
shmtc,1
setpzbon,1
maxi,1
vitroc,1
aawl,1
handeh,1
frg,1
makino,1
kbmes,1
wup,1
bowstr,1
btl,1
jul,1
easten,1
helm,1
irish,1
beach,1
cuidadit,1
len,1
mangol,1
minecraf,1
creme,1
velv,1
nkmonster,1
avispa,1
fund,1
stra,1
clite,1
glov,1
scout,1
snk,1
dumpl,1
vivo,1
olivia,1
semidesca,1
death,1
dishonor,1
outsid,1
trk,1
warmup,1
campesina,1
raymond,1
alex,1
rous,1
foila,1
salsa,1
small,1
alisad,1
secado,1
presto,1
ouaudifono,1
confecc,1
isabella,1
subw,1
andrea,1
tdcefmal,1
peludo,1
wbg,1
daewoo,1
cranch,1
lhp,1
bpclass,1
topo,1
huracan,1
nkdragonb,1
orbit,1
webventilador,1
solar,1
capa,1
cob,1
azulejo,1
inflador,1
qui,1
swansea,1
bray,1
float,1
han,1
crce,1
compact,1
begona,1
voal,1
sapph,1
buho,1
glitz,1
apol,1
rival,1
supera,1
fabiola,1
washo,1
webaspirador,1
cafÃ,1
adf,1
organiz,1
basica,1
thi,1
citr,1
tip,1
quarzo,1
unchart,1
apu,1
just,1
versac,1
stripeyr,1
ari,1
empotr,1
degrad,1
stratus,1
cue,1
refrigerado,1
dgl,1
ltsgp,1
amcgel,1
regalo,1
coldplay,1
olympea,1
jezeb,1
wick,1
servilletero,1
tbsv,1
twka,1
vito,1
crh,1
alvar,1
metro,1
sal,1
peonia,1
cerami,1
submarino,1
lole,1
fuerza,1
cuel,1
gres,1
fam,1
trib,1
fabio,1
absol,1
estolymp,1
dotsa,1
udv,1
amira,1
balerina,1
highbal,1
miguel,1
bom,1
coww,1
velvez,1
gasa,1
lexta,1
grid,1
vuelito,1
ddmg,1
phvelaind,1
disney,1
caj,1
comoda,1
alexa,1
jacket,1
kbforiginedt,1
coast,1
zing,1
dorad,1
avianobeig,1
escocesa,1
geometricmc,1
estminiatur,1
squ,1
endur,1
webtrot,1
vhmgtcvc,1
basig,1
lunch,1
grass,1
besmingto,1
mobil,1
camu,1
hydraexelp,1
skinni,1
sbs,1
rid,1
warrior,1
fleco,1
envi,1
profumo,1
tarjeta,1
tight,1
jalad,1
eco,1
ixl,1
tanf,1
william,1
over,1
erwin,1
gbtvidg,1
noteb,1
mimi,1
redon,1
dolc,1
ggirl,1
flamenco,1
crem,1
rost,1
vit,1
sciw,1
straighten,1
restaur,1
princesa,1
moonwa,1
agnel,1
tode,1
duke,1
piscina,1
bowlstudrk,1
pulida,1
edgewick,1
smarttv,1
must,1
musi,1
reebo,1
beauti,1
triba,1
limpi,1
mediano,1
chobei,1
hydrafluidspf,1
credenza,1
morri,1
bdpsbme,1
bkn,1
tras,1
snl,1
ltsdoradoinvert,1
badi,1
volant,1
descorazonador,1
pede,1
elev,1
shinn,1
betti,1
kcaser,1
naran,1
hal,1
vhmtcvcw,1
calypso,1
toall,1
calt,1
jua,1
centr,1
sweat,1
ope,1
vasosx,1
cleannorm,1
casiowh,1
age,1
morena,1
benett,1
turbigo,1
supr,1
exil,1
power,1
capsula,1
ceramid,1
multigr,1
person,1
mantequillera,1
printav,1
hanoi,1
tullum,1
alic,1
efren,1
wketss,1
crunch,1
phvelanem,1
vichi,1
lac,1
mcont,1
stick,1
chromeca,1
cottonst,1
coj,1
sgasc,1
chiporr,1
fossil,1
desco,1
camila,1
edredÃ,1
cpito,1
juan,1
fcab,1
conv,1
invictus,1
asparagu,1
barri,1
dke,1
erica,1
crm,1
coladortabla,1
ila,1
granja,1
magnoli,1
pbc,1
final,1
blumer,1
halstonml,1
corset,1
pinesa,1
vaporiz,1
iter,1
rocki,1
combol,1
mmbgm,1
hond,1
liner,1
toblino,1
ilustr,1
webcoolpix,1
gorr,1
cubi,1
sabela,1
focu,1
sobrem,1
clase,1
gbx,1
sdmi,1
ipacl,1
fountain,1
luvim,1
barna,1
premier,1
comboli,1
diego,1
shangai,1
webropero,1
punt,1
clara,1
sushi,1
antiblemish,1
famili,1
holi,1
harlow,1
faith,1
sup,1
tec,1
jackar,1
refrigerador,1
metr,1
budha,1
florali,1
cvap,1
lone,1
walker,1
dibujo,1
listado,1
webantivirus,1
pica,1
sucki,1
pendant,1
essen,1
shopkin,1
quamtum,1
trax,1
calipso,1
ska,1
vegui,1
prolongw,1
stretch,1
estcht,1
lenteju,1
balsamo,1
lcjockey,1
plaza,1
mor,1
uva,1
lemon,1
tree,1
rosi,1
polaco,1
eqhf,1
figur,1
blink,1
banjo,1
gerbera,1
goya,1
bobito,1
cirrus,1
escalop,1
ledx,1
tomaspo,1
intar,1
ring,1
ranur,1
fon,1
perri,1
fijador,1
niek,1
cake,1
msa,1
cus,1
sobrecamisa,1
gar,1
recort,1
sabina,1
grimm,1
mch,1
enteret,1
sombkg,1
cipbh,1
nktiger,1
pentium,1
gli,1
pina,1
mapi,1
mexic,1
can,1
ajo,1
presiÃ,1
dimen,1
ebeno,1
citric,1
rafa,1
tirant,1
autri,1
floor,1
lam,1
ket,1
graf,1
cllr,1
coch,1
nyco,1
paseo,1
chemap,1
escritorio,1
morr,1
wallart,1
edpminllav,1
adela,1
gafa,1
roy,1
pata,1
classi,1
oujenga,1
alagon,1
luj,1
oucoch,1
silico,1
hcab,1
allium,1
quin,1
elmo,1
bobbl,1
pincel,1
vidego,1
cepillo,1
parr,1
grafito,1
jacl,1
inm,1
motor,1
notebk,1
jalisco,1
powerbeat,1
julieta,1
goto,1
som,1
wand,1
pike,1
seb,1
pkuss,1
jgoxpz,1
nkpir,1
stansmith,1
desktop,1
tagen,1
artisa,1
nkminipir,1
bufanda,1
escrit,1
ether,1
router,1
stem,1
fdsr,1
wlhb,1
back,1
brow,1
giulia,1
fuego,1
tutu,1
cook,1
natrl,1
smnf,1
cocktelera,1
delinead,1
sandaliahav,1
tbav,1
chug,1
